<?xml version = '1.0' encoding = 'UTF-8'?>
<RMExtendedMap class="oracle.dbtools.crest.model.xtdmapping.RMExtendedMap">
<mappings itemClass="oracle.dbtools.crest.model.xtdmapping.ContainerMapping">
<CM id="6DC6533B-6C9E59F1F3B215AA5B32-7EBA6DC3EB01" lID="6DC6533B-0706-BF90-FDE6-6C9E59F1F3B2" lT="0" rID="15AA5B32-0CF1-481A-5A51-7EBA6DC3EB01" rT="4">
<keysSelection>200BA2C4-85B1-D772-21C6-AC19DA61807E</keysSelection>
<containedMappings itemClass="oracle.dbtools.crest.model.xtdmapping.RelMapping">
<Mg id="0D6E6FC4-8E31FC97D11CE36D05E8-274D217C36CA" lID="0D6E6FC4-0996-60F5-B813-8E31FC97D11C" rID="E36D05E8-AF5B-BEBD-E0A6-274D217C36CA">
</Mg>
<Mg id="200BA2C4-AC19DA61807E1DFA2CA1-FDCE42E1F7A9" lID="200BA2C4-85B1-D772-21C6-AC19DA61807E" lT="2" rID="1DFA2CA1-E286-C01F-8199-FDCE42E1F7A9" rT="7">
</Mg>
<Mg id="30A6C142-5F82737223B93465F60F-E8E07EBFD1EE" lID="30A6C142-5EE5-A7F6-C952-5F82737223B9" rID="3465F60F-449A-B7BF-C99D-E8E07EBFD1EE">
</Mg>
<Mg id="56690C9D-21ACCC08AAB5FBAEE4B2-FEC5A42308BC" lID="56690C9D-8366-9413-BCF3-21ACCC08AAB5" rID="FBAEE4B2-98A1-AACA-FFCC-FEC5A42308BC">
</Mg>
<Mg id="5DF3D0BB-EA7036BE192337DEE00D-127CE75510C9" lID="5DF3D0BB-385A-E407-AEC1-EA7036BE1923" rID="37DEE00D-2812-CA65-3104-127CE75510C9">
</Mg>
<Mg id="6C15CC78-00863E5F6145AA6841E3-54144E4004DA" lID="6C15CC78-539C-9CB3-687D-00863E5F6145" rID="AA6841E3-8434-5DCD-5014-54144E4004DA">
</Mg>
<Mg id="A6B3D85B-6528DBB612169335F895-434B8C4DB91A" lID="A6B3D85B-9C23-3255-420C-6528DBB61216" rID="9335F895-1BCB-CF4D-74DD-434B8C4DB91A">
</Mg>
<Mg id="BAFA3F04-B478A5421CBF0AABB334-FFD5A1BF84BD" lID="BAFA3F04-2B81-360E-CBF2-B478A5421CBF" rID="0AABB334-9A75-590B-F06D-FFD5A1BF84BD">
</Mg>
<Mg id="CCB890B4-4284325392A8524691B7-4CFE7435D8AF" lID="CCB890B4-2F71-50CB-D790-4284325392A8" rID="524691B7-BB20-C24D-30F0-4CFE7435D8AF">
</Mg>
<Mg id="DA04DBCA-98B680AADAAE2CBC7FE6-3DC818B8A1FF" lID="DA04DBCA-DAB0-19BD-777E-98B680AADAAE" rID="2CBC7FE6-561E-C43B-572E-3DC818B8A1FF">
</Mg>
</containedMappings>
</CM>
</mappings>
</RMExtendedMap>